file_path,md5,sha1,sha256,time of detection
E:\Antivirus\fileSystemMonitoring3\manualprocessing\cmp2v4.py,d41d8cd98f00b204e9800998ecf8427e,da39a3ee5e6b4b0d3255bfef95601890afd80709,e3b0c44298fc1c149afbf4c8996fb92427ae41e4649b934ca495991b7852b855,2024-04-29 17:21:25.118612
E:\$RECYCLE.BIN\S-1-5-21-2285235742-3699544153-3785093722-1001\$I7GA2D7.py,dce380e6360abcb78d4996dddd296e87,af9a6bca5cd4516f16fa432d7294fad4dd87dfbf,491f82fb60fb08ce02c1fffedab31e6d7d98e3741fb1db0e5583d9ba3c2f81e8
E:\$RECYCLE.BIN\S-1-5-21-2285235742-3699544153-3785093722-1001\$R7GA2D7.py,aab5aac2fec981a26e8b26b79804e159,70dddb39f830bb9b70d9e36f7b83c09d3c373cab,de79e23e0040f8babf29ce69f0171b62da847713cc78fb5e1b7f01ee3988a848
E:\mn2v4.py,aab5aac2fec981a26e8b26b79804e159,70dddb39f830bb9b70d9e36f7b83c09d3c373cab,de79e23e0040f8babf29ce69f0171b62da847713cc78fb5e1b7f01ee3988a848
E:\$RECYCLE.BIN\S-1-5-21-2285235742-3699544153-3785093722-1001\$I7GA2D7.py,dce380e6360abcb78d4996dddd296e87,af9a6bca5cd4516f16fa432d7294fad4dd87dfbf,491f82fb60fb08ce02c1fffedab31e6d7d98e3741fb1db0e5583d9ba3c2f81e8
E:\$RECYCLE.BIN\S-1-5-21-2285235742-3699544153-3785093722-1001\$R7GA2D7.py,aab5aac2fec981a26e8b26b79804e159,70dddb39f830bb9b70d9e36f7b83c09d3c373cab,de79e23e0040f8babf29ce69f0171b62da847713cc78fb5e1b7f01ee3988a848
E:\mn2v4.py,aab5aac2fec981a26e8b26b79804e159,70dddb39f830bb9b70d9e36f7b83c09d3c373cab,de79e23e0040f8babf29ce69f0171b62da847713cc78fb5e1b7f01ee3988a848
