file_path,md5,sha1,sha256
D:\$RECYCLE.BIN\S-1-5-21-2285235742-3699544153-3785093722-1001\$IZ9YZCF,ce17f9e5b7515260fd56300cc9722c5d,3bc320534292a9a6c46a520bd3916f529ab3d77a,1c93685caa0b1eb6862ab1a67d15b82a92c59db99b221878d0cb62326d783421
D:\$RECYCLE.BIN\S-1-5-21-2285235742-3699544153-3785093722-1001\$RZ9YZCF\BinaryTree.py,957c658be139612bd5501228b2a7c9ec,40207b9694d75e32340bdec76e6b73c862c6f749,e44a1b25427e1a18eb5735c4a62198b6f7147e24d4af77b29a78145e3492d9b2
D:\$RECYCLE.BIN\S-1-5-21-2285235742-3699544153-3785093722-1001\$RZ9YZCF\streamInput.zip,c1b97f789dba9cad3b82630fff06e6b2,b1cfd2c21305faee6fb04027307ea363c3ae66b8,7badcaa02b9a2e4abc9738b9a3192b24b109fba736a0bd6d9fee034146d8aa12
D:\$RECYCLE.BIN\S-1-5-21-2285235742-3699544153-3785093722-1001\$RZ9YZCF\test.c,dcdbfc5ba5830399738ef0c416efca4b,dbc2fb5d699c5ac22af91620cba4ac74d5efbc7c,887c8c6e56a55ad656e3b9ec67ecb496bee778256afb8a36c24dafa8fad4b49e
D:\$RECYCLE.BIN\S-1-5-21-2285235742-3699544153-3785093722-1001\$RZ9YZCF\test.exe,f9dccd3ee393f67f0b2a8cace8596fda,3c13ca63d470e2938b8ab1dbaac998786d781f81,de904ef6a8bde730fc8af7758dcc7e9738ebdafce3db2d0735fe1f148c0595db
D:\$RECYCLE.BIN\S-1-5-21-2285235742-3699544153-3785093722-1001\$RZ9YZCF\Untitled.ipynb,f86cc44ed1ec913810b1429f8c96e41a,f46582c42cca4d256ff78a30f552b5667bd975ec,cffcfe9c9f1c976d5400cd5dc3dd1ddd36a36cca528ee5fd40aeb80018e0f66f
D:\$RECYCLE.BIN\S-1-5-21-2285235742-3699544153-3785093722-1001\$RZ9YZCF\Vector.py,fcbfa58c8689f7f6f5bb2cef573fe8a1,fac4295c567854dc60f93595dcaf77dd6dd719ee,1380483b635b62d3bee96478e9548af25ae8598dd6c9ff10b44392bf64ca9585
D:\$RECYCLE.BIN\S-1-5-21-2285235742-3699544153-3785093722-1001\$RZ9YZCF\.ipynb_checkpoints\Untitled-checkpoint.ipynb,77411c5dda7837890e33a3efa9eb4766,a08d37436122431435fbd948cef76da0d6d096fa,7e43233d78d8b7fd651e3fd4fff01f6a356177b93d9bb533c0b3f970137f5b92
D:\$RECYCLE.BIN\S-1-5-21-2285235742-3699544153-3785093722-1001\$RZ9YZCF\.vscode\tasks.json,5a07a08318c34826810a8eddf1461d2c,fdc9dd9a69938b325e850379a01bcf1c2b8c2ce7,bd66a31907f9be9eedc04505884f9e14a76fd25cefae7e86759821b122a81410
D:\$RECYCLE.BIN\S-1-5-21-2285235742-3699544153-3785093722-1001\$RZ9YZCF\DataScience\FunctionAsParameter.py,bef155be38968e2cebdf63079f8ab8c8,a0dcc9b307dde188be925eaf56ae90a4a21376d8,249b5b4e4e20ec8996748d6308330b6a800d80f872ef354d48605e8efe8675db
D:\$RECYCLE.BIN\S-1-5-21-2285235742-3699544153-3785093722-1001\$RZ9YZCF\gpu\cpu.py,a5c4dd46e19b2b4a0c6c995b83224270,1fee5c279ff6397dab50e62060b5458c5fe08286,000f751f43b4854b51e6d1eafb85d1e95d11b6567efdb0b7299c7c2a120b8128
D:\$RECYCLE.BIN\S-1-5-21-2285235742-3699544153-3785093722-1001\$RZ9YZCF\gpu\gpu.py,9d1265a61238e9b6ff364eb5f86f9d27,f7a4d8706fa810bf2689be29221e790c1d3f80f0,65f43ebf0f59bd4b007963be8272544c43416d406f346c4e1e9b607988dcb224
D:\$RECYCLE.BIN\S-1-5-21-2285235742-3699544153-3785093722-1001\$RZ9YZCF\streamInput\input.txt,fad4b3230acc9a60e9388580c3a6215c,a3a49bfce335d39462fd0d0334defd2c99bdf5ae,baa70352a8618a391fbb45c0a0edbd8b939f08f82695c70cfebf6fe8a97f6013
D:\$RECYCLE.BIN\S-1-5-21-2285235742-3699544153-3785093722-1001\$RZ9YZCF\streamInput\InputStream.py,ddb10088b09c115ab69b65bf908920d3,221bb8fb4b85a1e2a6515f12d0ae300401732374,d63b3549b8a3fbf5957adda70f125a76c42a0a9d124db68f667539ec01a3fe35
D:\$RECYCLE.BIN\S-1-5-21-2285235742-3699544153-3785093722-1001\$RZ9YZCF\streamInput\output.txt,c3854528079f8f006cc3d6772f91b649,28b5b5fb244f7d3b337f55f4cbec5ade2c334683,f986e82072af0ff141e376e737c67d289bfc24becb616116546472b3c61e305c
